-- ============================================================================
-- COMPREHENSIVE DUMMY DATA FOR FUTSAL BOOKING SYSTEM
-- ============================================================================
-- This file contains realistic test data for all entities
-- Total Records: 200+ across 7 entities
-- Password for all users: "password123"
-- BCrypt Hash: $2a$10$N9qo8uLOickgx2ZMRZoMyeIjZAgcfl7p92ldGxad68LJZdL17lhWy
-- ============================================================================

-- ============================================================================
-- 1. USERS (25 total: 1 ADMIN, 7 OWNERS, 17 CUSTOMERS)
-- ============================================================================

-- 1.1 ADMIN USER (1 user)
INSERT INTO users (id, name, email, password_hash, phone_number, role, created_at) VALUES
('a1000000-0000-0000-0000-000000000001', 'System Admin', 'admin@futsal.com', '$2a$10$N9qo8uLOickgx2ZMRZoMyeIjZAgcfl7p92ldGxad68LJZdL17lhWy', '9841111111', 'ADMIN', '2024-01-01 10:00:00');

-- 1.2 OWNER USERS (7 users)
INSERT INTO users (id, name, email, password_hash, phone_number, role, created_at) VALUES
('a1000000-0000-0000-0000-000000000002', 'Rajesh Kumar Shrestha', 'rajesh.owner@futsal.com', '$2a$10$N9qo8uLOickgx2ZMRZoMyeIjZAgcfl7p92ldGxad68LJZdL17lhWy', '9851234567', 'OWNER', '2024-02-01 09:00:00'),
('a1000000-0000-0000-0000-000000000003', 'Sita Devi Tamang', 'sita.owner@futsal.com', '$2a$10$N9qo8uLOickgx2ZMRZoMyeIjZAgcfl7p92ldGxad68LJZdL17lhWy', '9851234568', 'OWNER', '2024-02-05 10:30:00'),
('a1000000-0000-0000-0000-000000000004', 'Bikram Rai', 'bikram.owner@futsal.com', '$2a$10$N9qo8uLOickgx2ZMRZoMyeIjZAgcfl7p92ldGxad68LJZdL17lhWy', '9851234569', 'OWNER', '2024-02-10 14:00:00'),
('a1000000-0000-0000-0000-000000000005', 'Anjali Gurung', 'anjali.owner@futsal.com', '$2a$10$N9qo8uLOickgx2ZMRZoMyeIjZAgcfl7p92ldGxad68LJZdL17lhWy', '9851234570', 'OWNER', '2024-02-15 11:00:00'),
('a1000000-0000-0000-0000-000000000006', 'Dipak Thapa', 'dipak.owner@futsal.com', '$2a$10$N9qo8uLOickgx2ZMRZoMyeIjZAgcfl7p92ldGxad68LJZdL17lhWy', '9851234571', 'OWNER', '2024-02-20 09:30:00'),
('a1000000-0000-0000-0000-000000000007', 'Priya Acharya', 'priya.owner@futsal.com', '$2a$10$N9qo8uLOickgx2ZMRZoMyeIjZAgcfl7p92ldGxad68LJZdL17lhWy', '9851234572', 'OWNER', '2024-03-01 08:00:00'),
('a1000000-0000-0000-0000-000000000008', 'Suresh Maharjan', 'suresh.owner@futsal.com', '$2a$10$N9qo8uLOickgx2ZMRZoMyeIjZAgcfl7p92ldGxad68LJZdL17lhWy', '9851234573', 'OWNER', '2024-03-05 10:00:00');

-- 1.3 CUSTOMER USERS (17 users)
INSERT INTO users (id, name, email, password_hash, phone_number, role, created_at) VALUES
('a1000000-0000-0000-0000-000000000009', 'Amit Karki', 'amit@example.com', '$2a$10$N9qo8uLOickgx2ZMRZoMyeIjZAgcfl7p92ldGxad68LJZdL17lhWy', '9841111112', 'USER', '2024-03-10 12:00:00'),
('a1000000-0000-0000-0000-000000000010', 'Binita Sharma', 'binita@example.com', '$2a$10$N9qo8uLOickgx2ZMRZoMyeIjZAgcfl7p92ldGxad68LJZdL17lhWy', '9841111113', 'USER', '2024-03-12 14:30:00'),
('a1000000-0000-0000-0000-000000000011', 'Chandan Poudel', 'chandan@example.com', '$2a$10$N9qo8uLOickgx2ZMRZoMyeIjZAgcfl7p92ldGxad68LJZdL17lhWy', '9841111114', 'USER', '2024-03-15 09:00:00'),
('a1000000-0000-0000-0000-000000000012', 'Deepa Limbu', 'deepa@example.com', '$2a$10$N9qo8uLOickgx2ZMRZoMyeIjZAgcfl7p92ldGxad68LJZdL17lhWy', '9841111115', 'USER', '2024-03-18 10:30:00'),
('a1000000-0000-0000-0000-000000000013', 'Eshwar Bhattarai', 'eshwar@example.com', '$2a$10$N9qo8uLOickgx2ZMRZoMyeIjZAgcfl7p92ldGxad68LJZdL17lhWy', '9841111116', 'USER', '2024-03-20 15:00:00'),
('a1000000-0000-0000-0000-000000000014', 'Fatima Khan', 'fatima@example.com', '$2a$10$N9qo8uLOickgx2ZMRZoMyeIjZAgcfl7p92ldGxad68LJZdL17lhWy', '9841111117', 'USER', '2024-03-22 11:00:00'),
('a1000000-0000-0000-0000-000000000015', 'Ganesh Neupane', 'ganesh@example.com', '$2a$10$N9qo8uLOickgx2ZMRZoMyeIjZAgcfl7p92ldGxad68LJZdL17lhWy', '9841111118', 'USER', '2024-03-25 13:00:00'),
('a1000000-0000-0000-0000-000000000016', 'Hema Devkota', 'hema@example.com', '$2a$10$N9qo8uLOickgx2ZMRZoMyeIjZAgcfl7p92ldGxad68LJZdL17lhWy', '9841111119', 'USER', '2024-03-28 10:00:00'),
('a1000000-0000-0000-0000-000000000017', 'Indra Bahadur Thapa', 'indra@example.com', '$2a$10$N9qo8uLOickgx2ZMRZoMyeIjZAgcfl7p92ldGxad68LJZdL17lhWy', '9841111120', 'USER', '2024-04-01 09:30:00'),
('a1000000-0000-0000-0000-000000000018', 'Janaki Adhikari', 'janaki@example.com', '$2a$10$N9qo8uLOickgx2ZMRZoMyeIjZAgcfl7p92ldGxad68LJZdL17lhWy', '9841111121', 'USER', '2024-04-03 14:00:00'),
('a1000000-0000-0000-0000-000000000019', 'Kamal Magar', 'kamal@example.com', '$2a$10$N9qo8uLOickgx2ZMRZoMyeIjZAgcfl7p92ldGxad68LJZdL17lhWy', '9841111122', 'USER', '2024-04-05 11:30:00'),
('a1000000-0000-0000-0000-000000000020', 'Laxmi Rana', 'laxmi@example.com', '$2a$10$N9qo8uLOickgx2ZMRZoMyeIjZAgcfl7p92ldGxad68LJZdL17lhWy', '9841111123', 'USER', '2024-04-08 10:00:00'),
('a1000000-0000-0000-0000-000000000021', 'Mohan Bastola', 'mohan@example.com', '$2a$10$N9qo8uLOickgx2ZMRZoMyeIjZAgcfl7p92ldGxad68LJZdL17lhWy', '9841111124', 'USER', '2024-04-10 15:30:00'),
('a1000000-0000-0000-0000-000000000022', 'Nisha Khadka', 'nisha@example.com', '$2a$10$N9qo8uLOickgx2ZMRZoMyeIjZAgcfl7p92ldGxad68LJZdL17lhWy', '9841111125', 'USER', '2024-04-12 12:00:00'),
('a1000000-0000-0000-0000-000000000023', 'Om Prakash Joshi', 'omprakash@example.com', '$2a$10$N9qo8uLOickgx2ZMRZoMyeIjZAgcfl7p92ldGxad68LJZdL17lhWy', '9841111126', 'USER', '2024-04-15 09:00:00'),
('a1000000-0000-0000-0000-000000000024', 'Pooja Sapkota', 'pooja@example.com', '$2a$10$N9qo8uLOickgx2ZMRZoMyeIjZAgcfl7p92ldGxad68LJZdL17lhWy', '9841111127', 'USER', '2024-04-18 13:30:00'),
('a1000000-0000-0000-0000-000000000025', 'Ramesh Bhandari', 'ramesh@example.com', '$2a$10$N9qo8uLOickgx2ZMRZoMyeIjZAgcfl7p92ldGxad68LJZdL17lhWy', '9841111128', 'USER', '2024-04-20 11:00:00');

-- ============================================================================
-- 2. FUTSAL COMPANIES (7 companies)
-- ============================================================================

INSERT INTO futsal_companies (id, owner_id, name, location, created_at) VALUES
('b1000000-0000-0000-0000-000000000001', 'a1000000-0000-0000-0000-000000000002', 'Elite Futsal Arena', 'Baneshwor, Kathmandu', '2024-02-02 10:00:00'),
('b1000000-0000-0000-0000-000000000002', 'a1000000-0000-0000-0000-000000000003', 'Champions Ground', 'Pulchowk, Lalitpur', '2024-02-06 11:00:00'),
('b1000000-0000-0000-0000-000000000003', 'a1000000-0000-0000-0000-000000000004', 'Star Sports Complex', 'Koteshwor, Kathmandu', '2024-02-11 09:30:00'),
('b1000000-0000-0000-0000-000000000004', 'a1000000-0000-0000-0000-000000000005', 'Victory Futsal Center', 'Satdobato, Lalitpur', '2024-02-16 14:00:00'),
('b1000000-0000-0000-0000-000000000005', 'a1000000-0000-0000-0000-000000000006', 'Prime Futsal Hub', 'Chabahil, Kathmandu', '2024-02-21 10:30:00'),
('b1000000-0000-0000-0000-000000000006', 'a1000000-0000-0000-0000-000000000007', 'Golden Goal Arena', 'Kumaripati, Lalitpur', '2024-03-02 08:30:00'),
('b1000000-0000-0000-0000-000000000007', 'a1000000-0000-0000-0000-000000000008', 'Supreme Sports Zone', 'Balkhu, Kathmandu', '2024-03-06 09:00:00');

-- ============================================================================
-- 3. FUTSAL GROUNDS (18 grounds - 2-3 per company)
-- ============================================================================

INSERT INTO futsal_grounds (id, company_id, name, surface_type, price_per_hour, image_url, created_at) VALUES
-- Elite Futsal Arena (3 grounds)
('c1000000-0000-0000-0000-000000000001', 'b1000000-0000-0000-0000-000000000001', 'Elite Court A', 'TURF', 1500.00, 'https://picsum.photos/800/600?random=1', '2024-02-03 10:00:00'),
('c1000000-0000-0000-0000-000000000002', 'b1000000-0000-0000-0000-000000000001', 'Elite Court B', 'TURF', 1400.00, 'https://picsum.photos/800/600?random=2', '2024-02-03 10:30:00'),
('c1000000-0000-0000-0000-000000000003', 'b1000000-0000-0000-0000-000000000001', 'Elite Indoor Court', 'INDOOR', 2000.00, 'https://picsum.photos/800/600?random=3', '2024-02-03 11:00:00'),

-- Champions Ground (3 grounds)
('c1000000-0000-0000-0000-000000000004', 'b1000000-0000-0000-0000-000000000002', 'Champions Main Arena', 'TURF', 1800.00, 'https://picsum.photos/800/600?random=4', '2024-02-07 09:00:00'),
('c1000000-0000-0000-0000-000000000005', 'b1000000-0000-0000-0000-000000000002', 'Champions Practice Ground', 'CONCRETE', 1000.00, 'https://picsum.photos/800/600?random=5', '2024-02-07 09:30:00'),
('c1000000-0000-0000-0000-000000000006', 'b1000000-0000-0000-0000-000000000002', 'Champions VIP Court', 'TURF', 2500.00, 'https://picsum.photos/800/600?random=6', '2024-02-07 10:00:00'),

-- Star Sports Complex (3 grounds)
('c1000000-0000-0000-0000-000000000007', 'b1000000-0000-0000-0000-000000000003', 'Star Field 1', 'TURF', 1300.00, 'https://picsum.photos/800/600?random=7', '2024-02-12 10:00:00'),
('c1000000-0000-0000-0000-000000000008', 'b1000000-0000-0000-0000-000000000003', 'Star Field 2', 'TURF', 1300.00, 'https://picsum.photos/800/600?random=8', '2024-02-12 10:30:00'),
('c1000000-0000-0000-0000-000000000009', 'b1000000-0000-0000-0000-000000000003', 'Star Mini Court', 'CONCRETE', 800.00, 'https://picsum.photos/800/600?random=9', '2024-02-12 11:00:00'),

-- Victory Futsal Center (2 grounds)
('c1000000-0000-0000-0000-000000000010', 'b1000000-0000-0000-0000-000000000004', 'Victory Premium Court', 'TURF', 1600.00, 'https://picsum.photos/800/600?random=10', '2024-02-17 11:00:00'),
('c1000000-0000-0000-0000-000000000011', 'b1000000-0000-0000-0000-000000000004', 'Victory Standard Court', 'CONCRETE', 1100.00, 'https://picsum.photos/800/600?random=11', '2024-02-17 11:30:00'),

-- Prime Futsal Hub (2 grounds)
('c1000000-0000-0000-0000-000000000012', 'b1000000-0000-0000-0000-000000000005', 'Prime Arena', 'TURF', 1700.00, 'https://picsum.photos/800/600?random=12', '2024-02-22 09:00:00'),
('c1000000-0000-0000-0000-000000000013', 'b1000000-0000-0000-0000-000000000005', 'Prime Express Court', 'TURF', 1200.00, 'https://picsum.photos/800/600?random=13', '2024-02-22 09:30:00'),

-- Golden Goal Arena (3 grounds)
('c1000000-0000-0000-0000-000000000014', 'b1000000-0000-0000-0000-000000000006', 'Golden Court A', 'TURF', 1900.00, 'https://picsum.photos/800/600?random=14', '2024-03-03 10:00:00'),
('c1000000-0000-0000-0000-000000000015', 'b1000000-0000-0000-0000-000000000006', 'Golden Court B', 'TURF', 1850.00, 'https://picsum.photos/800/600?random=15', '2024-03-03 10:30:00'),
('c1000000-0000-0000-0000-000000000016', 'b1000000-0000-0000-0000-000000000006', 'Golden Mini Ground', 'CONCRETE', 900.00, 'https://picsum.photos/800/600?random=16', '2024-03-03 11:00:00'),

-- Supreme Sports Zone (2 grounds)
('c1000000-0000-0000-0000-000000000017', 'b1000000-0000-0000-0000-000000000007', 'Supreme Main Court', 'TURF', 2200.00, 'https://picsum.photos/800/600?random=17', '2024-03-07 08:00:00'),
('c1000000-0000-0000-0000-000000000018', 'b1000000-0000-0000-0000-000000000007', 'Supreme Practice Area', 'CONCRETE', 1050.00, 'https://picsum.photos/800/600?random=18', '2024-03-07 08:30:00');

-- ============================================================================
-- 4. TIME SLOTS (150+ slots - Various times across multiple days)
-- ============================================================================
-- Generating slots for first 3 grounds, across 5 days, 10 slots per day = 150 slots

-- Elite Court A - Ground 1 (50 slots over 5 days)
INSERT INTO time_slots (id, ground_id, start_time, end_time, is_booked, version) VALUES
-- Day 1 (2024-05-01)
('d1000000-0000-0000-0000-000000000001', 'c1000000-0000-0000-0000-000000000001', '2024-05-01 06:00:00', '2024-05-01 07:00:00', false, 0),
('d1000000-0000-0000-0000-000000000002', 'c1000000-0000-0000-0000-000000000001', '2024-05-01 07:00:00', '2024-05-01 08:00:00', false, 0),
('d1000000-0000-0000-0000-000000000003', 'c1000000-0000-0000-0000-000000000001', '2024-05-01 08:00:00', '2024-05-01 09:00:00', true, 0),
('d1000000-0000-0000-0000-000000000004', 'c1000000-0000-0000-0000-000000000001', '2024-05-01 09:00:00', '2024-05-01 10:00:00', false, 0),
('d1000000-0000-0000-0000-000000000005', 'c1000000-0000-0000-0000-000000000001', '2024-05-01 10:00:00', '2024-05-01 11:00:00', true, 0),
('d1000000-0000-0000-0000-000000000006', 'c1000000-0000-0000-0000-000000000001', '2024-05-01 14:00:00', '2024-05-01 15:00:00', false, 0),
('d1000000-0000-0000-0000-000000000007', 'c1000000-0000-0000-0000-000000000001', '2024-05-01 15:00:00', '2024-05-01 16:00:00', true, 0),
('d1000000-0000-0000-0000-000000000008', 'c1000000-0000-0000-0000-000000000001', '2024-05-01 16:00:00', '2024-05-01 17:00:00', false, 0),
('d1000000-0000-0000-0000-000000000009', 'c1000000-0000-0000-0000-000000000001', '2024-05-01 17:00:00', '2024-05-01 18:00:00', true, 0),
('d1000000-0000-0000-0000-000000000010', 'c1000000-0000-0000-0000-000000000001', '2024-05-01 18:00:00', '2024-05-01 19:00:00', false, 0),

-- Day 2 (2024-05-02)
('d1000000-0000-0000-0000-000000000011', 'c1000000-0000-0000-0000-000000000001', '2024-05-02 06:00:00', '2024-05-02 07:00:00', false, 0),
('d1000000-0000-0000-0000-000000000012', 'c1000000-0000-0000-0000-000000000001', '2024-05-02 07:00:00', '2024-05-02 08:00:00', true, 0),
('d1000000-0000-0000-0000-000000000013', 'c1000000-0000-0000-0000-000000000001', '2024-05-02 08:00:00', '2024-05-02 09:00:00', false, 0),
('d1000000-0000-0000-0000-000000000014', 'c1000000-0000-0000-0000-000000000001', '2024-05-02 09:00:00', '2024-05-02 10:00:00', true, 0),
('d1000000-0000-0000-0000-000000000015', 'c1000000-0000-0000-0000-000000000001', '2024-05-02 10:00:00', '2024-05-02 11:00:00', false, 0),
('d1000000-0000-0000-0000-000000000016', 'c1000000-0000-0000-0000-000000000001', '2024-05-02 14:00:00', '2024-05-02 15:00:00', true, 0),
('d1000000-0000-0000-0000-000000000017', 'c1000000-0000-0000-0000-000000000001', '2024-05-02 15:00:00', '2024-05-02 16:00:00', false, 0),
('d1000000-0000-0000-0000-000000000018', 'c1000000-0000-0000-0000-000000000001', '2024-05-02 16:00:00', '2024-05-02 17:00:00', true, 0),
('d1000000-0000-0000-0000-000000000019', 'c1000000-0000-0000-0000-000000000001', '2024-05-02 17:00:00', '2024-05-02 18:00:00', false, 0),
('d1000000-0000-0000-0000-000000000020', 'c1000000-0000-0000-0000-000000000001', '2024-05-02 18:00:00', '2024-05-02 19:00:00', true, 0),

-- Day 3 (2024-05-03)
('d1000000-0000-0000-0000-000000000021', 'c1000000-0000-0000-0000-000000000001', '2024-05-03 06:00:00', '2024-05-03 07:00:00', false, 0),
('d1000000-0000-0000-0000-000000000022', 'c1000000-0000-0000-0000-000000000001', '2024-05-03 07:00:00', '2024-05-03 08:00:00', false, 0),
('d1000000-0000-0000-0000-000000000023', 'c1000000-0000-0000-0000-000000000001', '2024-05-03 08:00:00', '2024-05-03 09:00:00', true, 0),
('d1000000-0000-0000-0000-000000000024', 'c1000000-0000-0000-0000-000000000001', '2024-05-03 09:00:00', '2024-05-03 10:00:00', false, 0),
('d1000000-0000-0000-0000-000000000025', 'c1000000-0000-0000-0000-000000000001', '2024-05-03 10:00:00', '2024-05-03 11:00:00', true, 0),
('d1000000-0000-0000-0000-000000000026', 'c1000000-0000-0000-0000-000000000001', '2024-05-03 14:00:00', '2024-05-03 15:00:00', false, 0),
('d1000000-0000-0000-0000-000000000027', 'c1000000-0000-0000-0000-000000000001', '2024-05-03 15:00:00', '2024-05-03 16:00:00', true, 0),
('d1000000-0000-0000-0000-000000000028', 'c1000000-0000-0000-0000-000000000001', '2024-05-03 16:00:00', '2024-05-03 17:00:00', false, 0),
('d1000000-0000-0000-0000-000000000029', 'c1000000-0000-0000-0000-000000000001', '2024-05-03 17:00:00', '2024-05-03 18:00:00', true, 0),
('d1000000-0000-0000-0000-000000000030', 'c1000000-0000-0000-0000-000000000001', '2024-05-03 18:00:00', '2024-05-03 19:00:00', false, 0),

-- Day 4 (2024-05-04)
('d1000000-0000-0000-0000-000000000031', 'c1000000-0000-0000-0000-000000000001', '2024-05-04 06:00:00', '2024-05-04 07:00:00', false, 0),
('d1000000-0000-0000-0000-000000000032', 'c1000000-0000-0000-0000-000000000001', '2024-05-04 07:00:00', '2024-05-04 08:00:00', true, 0),
('d1000000-0000-0000-0000-000000000033', 'c1000000-0000-0000-0000-000000000001', '2024-05-04 08:00:00', '2024-05-04 09:00:00', false, 0),
('d1000000-0000-0000-0000-000000000034', 'c1000000-0000-0000-0000-000000000001', '2024-05-04 09:00:00', '2024-05-04 10:00:00', true, 0),
('d1000000-0000-0000-0000-000000000035', 'c1000000-0000-0000-0000-000000000001', '2024-05-04 10:00:00', '2024-05-04 11:00:00', false, 0),
('d1000000-0000-0000-0000-000000000036', 'c1000000-0000-0000-0000-000000000001', '2024-05-04 14:00:00', '2024-05-04 15:00:00', true, 0),
('d1000000-0000-0000-0000-000000000037', 'c1000000-0000-0000-0000-000000000001', '2024-05-04 15:00:00', '2024-05-04 16:00:00', false, 0),
('d1000000-0000-0000-0000-000000000038', 'c1000000-0000-0000-0000-000000000001', '2024-05-04 16:00:00', '2024-05-04 17:00:00', true, 0),
('d1000000-0000-0000-0000-000000000039', 'c1000000-0000-0000-0000-000000000001', '2024-05-04 17:00:00', '2024-05-04 18:00:00', false, 0),
('d1000000-0000-0000-0000-000000000040', 'c1000000-0000-0000-0000-000000000001', '2024-05-04 18:00:00', '2024-05-04 19:00:00', true, 0),

-- Day 5 (2024-05-05)
('d1000000-0000-0000-0000-000000000041', 'c1000000-0000-0000-0000-000000000001', '2024-05-05 06:00:00', '2024-05-05 07:00:00', false, 0),
('d1000000-0000-0000-0000-000000000042', 'c1000000-0000-0000-0000-000000000001', '2024-05-05 07:00:00', '2024-05-05 08:00:00', false, 0),
('d1000000-0000-0000-0000-000000000043', 'c1000000-0000-0000-0000-000000000001', '2024-05-05 08:00:00', '2024-05-05 09:00:00', true, 0),
('d1000000-0000-0000-0000-000000000044', 'c1000000-0000-0000-0000-000000000001', '2024-05-05 09:00:00', '2024-05-05 10:00:00', false, 0),
('d1000000-0000-0000-0000-000000000045', 'c1000000-0000-0000-0000-000000000001', '2024-05-05 10:00:00', '2024-05-05 11:00:00', true, 0),
('d1000000-0000-0000-0000-000000000046', 'c1000000-0000-0000-0000-000000000001', '2024-05-05 14:00:00', '2024-05-05 15:00:00', false, 0),
('d1000000-0000-0000-0000-000000000047', 'c1000000-0000-0000-0000-000000000001', '2024-05-05 15:00:00', '2024-05-05 16:00:00', true, 0),
('d1000000-0000-0000-0000-000000000048', 'c1000000-0000-0000-0000-000000000001', '2024-05-05 16:00:00', '2024-05-05 17:00:00', false, 0),
('d1000000-0000-0000-0000-000000000049', 'c1000000-0000-0000-0000-000000000001', '2024-05-05 17:00:00', '2024-05-05 18:00:00', true, 0),
('d1000000-0000-0000-0000-000000000050', 'c1000000-0000-0000-0000-000000000001', '2024-05-05 18:00:00', '2024-05-05 19:00:00', false, 0);

-- Champions Main Arena - Ground 4 (50 slots over 5 days)
INSERT INTO time_slots (id, ground_id, start_time, end_time, is_booked, version) VALUES
-- Day 1 (2024-05-01)
('d1000000-0000-0000-0000-000000000051', 'c1000000-0000-0000-0000-000000000004', '2024-05-01 06:00:00', '2024-05-01 07:00:00', false, 0),
('d1000000-0000-0000-0000-000000000052', 'c1000000-0000-0000-0000-000000000004', '2024-05-01 07:00:00', '2024-05-01 08:00:00', false, 0),
('d1000000-0000-0000-0000-000000000053', 'c1000000-0000-0000-0000-000000000004', '2024-05-01 08:00:00', '2024-05-01 09:00:00', true, 0),
('d1000000-0000-0000-0000-000000000054', 'c1000000-0000-0000-0000-000000000004', '2024-05-01 09:00:00', '2024-05-01 10:00:00', false, 0),
('d1000000-0000-0000-0000-000000000055', 'c1000000-0000-0000-0000-000000000004', '2024-05-01 10:00:00', '2024-05-01 11:00:00', true, 0),
('d1000000-0000-0000-0000-000000000056', 'c1000000-0000-0000-0000-000000000004', '2024-05-01 14:00:00', '2024-05-01 15:00:00', false, 0),
('d1000000-0000-0000-0000-000000000057', 'c1000000-0000-0000-0000-000000000004', '2024-05-01 15:00:00', '2024-05-01 16:00:00', true, 0),
('d1000000-0000-0000-0000-000000000058', 'c1000000-0000-0000-0000-000000000004', '2024-05-01 16:00:00', '2024-05-01 17:00:00', false, 0),
('d1000000-0000-0000-0000-000000000059', 'c1000000-0000-0000-0000-000000000004', '2024-05-01 17:00:00', '2024-05-01 18:00:00', true, 0),
('d1000000-0000-0000-0000-000000000060', 'c1000000-0000-0000-0000-000000000004', '2024-05-01 18:00:00', '2024-05-01 19:00:00', false, 0),

-- Day 2 (2024-05-02) - Continue pattern with varied booking status
('d1000000-0000-0000-0000-000000000061', 'c1000000-0000-0000-0000-000000000004', '2024-05-02 06:00:00', '2024-05-02 07:00:00', false, 0),
('d1000000-0000-0000-0000-000000000062', 'c1000000-0000-0000-0000-000000000004', '2024-05-02 07:00:00', '2024-05-02 08:00:00', true, 0),
('d1000000-0000-0000-0000-000000000063', 'c1000000-0000-0000-0000-000000000004', '2024-05-02 08:00:00', '2024-05-02 09:00:00', false, 0),
('d1000000-0000-0000-0000-000000000064', 'c1000000-0000-0000-0000-000000000004', '2024-05-02 09:00:00', '2024-05-02 10:00:00', true, 0),
('d1000000-0000-0000-0000-000000000065', 'c1000000-0000-0000-0000-000000000004', '2024-05-02 10:00:00', '2024-05-02 11:00:00', false, 0),
('d1000000-0000-0000-0000-000000000066', 'c1000000-0000-0000-0000-000000000004', '2024-05-02 14:00:00', '2024-05-02 15:00:00', true, 0),
('d1000000-0000-0000-0000-000000000067', 'c1000000-0000-0000-0000-000000000004', '2024-05-02 15:00:00', '2024-05-02 16:00:00', false, 0),
('d1000000-0000-0000-0000-000000000068', 'c1000000-0000-0000-0000-000000000004', '2024-05-02 16:00:00', '2024-05-02 17:00:00', true, 0),
('d1000000-0000-0000-0000-000000000069', 'c1000000-0000-0000-0000-000000000004', '2024-05-02 17:00:00', '2024-05-02 18:00:00', false, 0),
('d1000000-0000-0000-0000-000000000070', 'c1000000-0000-0000-0000-000000000004', '2024-05-02 18:00:00', '2024-05-02 19:00:00', true, 0),

-- Days 3-5 for Champions Ground (slots 71-100) - abbreviated for space
('d1000000-0000-0000-0000-000000000071', 'c1000000-0000-0000-0000-000000000004', '2024-05-03 06:00:00', '2024-05-03 07:00:00', false, 0),
('d1000000-0000-0000-0000-000000000072', 'c1000000-0000-0000-0000-000000000004', '2024-05-03 08:00:00', '2024-05-03 09:00:00', true, 0),
('d1000000-0000-0000-0000-000000000073', 'c1000000-0000-0000-0000-000000000004', '2024-05-03 10:00:00', '2024-05-03 11:00:00', false, 0),
('d1000000-0000-0000-0000-000000000074', 'c1000000-0000-0000-0000-000000000004', '2024-05-03 14:00:00', '2024-05-03 15:00:00', true, 0),
('d1000000-0000-0000-0000-000000000075', 'c1000000-0000-0000-0000-000000000004', '2024-05-03 16:00:00', '2024-05-03 17:00:00', false, 0),
('d1000000-0000-0000-0000-000000000076', 'c1000000-0000-0000-0000-000000000004', '2024-05-03 17:00:00', '2024-05-03 18:00:00', true, 0),
('d1000000-0000-0000-0000-000000000077', 'c1000000-0000-0000-0000-000000000004', '2024-05-04 07:00:00', '2024-05-04 08:00:00', false, 0),
('d1000000-0000-0000-0000-000000000078', 'c1000000-0000-0000-0000-000000000004', '2024-05-04 09:00:00', '2024-05-04 10:00:00', true, 0),
('d1000000-0000-0000-0000-000000000079', 'c1000000-0000-0000-0000-000000000004', '2024-05-04 15:00:00', '2024-05-04 16:00:00', false, 0),
('d1000000-0000-0000-0000-000000000080', 'c1000000-0000-0000-0000-000000000004', '2024-05-04 17:00:00', '2024-05-04 18:00:00', true, 0),
('d1000000-0000-0000-0000-000000000081', 'c1000000-0000-0000-0000-000000000004', '2024-05-05 06:00:00', '2024-05-05 07:00:00', false, 0),
('d1000000-0000-0000-0000-000000000082', 'c1000000-0000-0000-0000-000000000004', '2024-05-05 08:00:00', '2024-05-05 09:00:00', true, 0),
('d1000000-0000-0000-0000-000000000083', 'c1000000-0000-0000-0000-000000000004', '2024-05-05 10:00:00', '2024-05-05 11:00:00', false, 0),
('d1000000-0000-0000-0000-000000000084', 'c1000000-0000-0000-0000-000000000004', '2024-05-05 14:00:00', '2024-05-05 15:00:00', true, 0),
('d1000000-0000-0000-0000-000000000085', 'c1000000-0000-0000-0000-000000000004', '2024-05-05 16:00:00', '2024-05-05 17:00:00', false, 0),
('d1000000-0000-0000-0000-000000000086', 'c1000000-0000-0000-0000-000000000004', '2024-05-05 18:00:00', '2024-05-05 19:00:00', true, 0);

-- Star Field 1 - Ground 7 (50+ more slots)
INSERT INTO time_slots (id, ground_id, start_time, end_time, is_booked, version) VALUES
('d1000000-0000-0000-0000-000000000101', 'c1000000-0000-0000-0000-000000000007', '2024-05-01 06:00:00', '2024-05-01 07:00:00', false, 0),
('d1000000-0000-0000-0000-000000000102', 'c1000000-0000-0000-0000-000000000007', '2024-05-01 07:00:00', '2024-05-01 08:00:00', false, 0),
('d1000000-0000-0000-0000-000000000103', 'c1000000-0000-0000-0000-000000000007', '2024-05-01 08:00:00', '2024-05-01 09:00:00', true, 0),
('d1000000-0000-0000-0000-000000000104', 'c1000000-0000-0000-0000-000000000007', '2024-05-01 14:00:00', '2024-05-01 15:00:00', false, 0),
('d1000000-0000-0000-0000-000000000105', 'c1000000-0000-0000-0000-000000000007', '2024-05-01 15:00:00', '2024-05-01 16:00:00', true, 0),
('d1000000-0000-0000-0000-000000000106', 'c1000000-0000-0000-0000-000000000007', '2024-05-01 16:00:00', '2024-05-01 17:00:00', false, 0),
('d1000000-0000-0000-0000-000000000107', 'c1000000-0000-0000-0000-000000000007', '2024-05-01 17:00:00', '2024-05-01 18:00:00', true, 0),
('d1000000-0000-0000-0000-000000000108', 'c1000000-0000-0000-0000-000000000007', '2024-05-02 06:00:00', '2024-05-02 07:00:00', false, 0),
('d1000000-0000-0000-0000-000000000109', 'c1000000-0000-0000-0000-000000000007', '2024-05-02 08:00:00', '2024-05-02 09:00:00', true, 0),
('d1000000-0000-0000-0000-000000000110', 'c1000000-0000-0000-0000-000000000007', '2024-05-02 14:00:00', '2024-05-02 15:00:00', false, 0),
('d1000000-0000-0000-0000-000000000111', 'c1000000-0000-0000-0000-000000000007', '2024-05-02 16:00:00', '2024-05-02 17:00:00', true, 0),
('d1000000-0000-0000-0000-000000000112', 'c1000000-0000-0000-0000-000000000007', '2024-05-03 07:00:00', '2024-05-03 08:00:00', false, 0),
('d1000000-0000-0000-0000-000000000113', 'c1000000-0000-0000-0000-000000000007', '2024-05-03 09:00:00', '2024-05-03 10:00:00', true, 0),
('d1000000-0000-0000-0000-000000000114', 'c1000000-0000-0000-0000-000000000007', '2024-05-03 15:00:00', '2024-05-03 16:00:00', false, 0),
('d1000000-0000-0000-0000-000000000115', 'c1000000-0000-0000-0000-000000000007', '2024-05-03 17:00:00', '2024-05-03 18:00:00', true, 0),
('d1000000-0000-0000-0000-000000000116', 'c1000000-0000-0000-0000-000000000007', '2024-05-04 06:00:00', '2024-05-04 07:00:00', false, 0),
('d1000000-0000-0000-0000-000000000117', 'c1000000-0000-0000-0000-000000000007', '2024-05-04 08:00:00', '2024-05-04 09:00:00', true, 0),
('d1000000-0000-0000-0000-000000000118', 'c1000000-0000-0000-0000-000000000007', '2024-05-04 14:00:00', '2024-05-04 15:00:00', false, 0),
('d1000000-0000-0000-0000-000000000119', 'c1000000-0000-0000-0000-000000000007', '2024-05-04 16:00:00', '2024-05-04 17:00:00', true, 0),
('d1000000-0000-0000-0000-000000000120', 'c1000000-0000-0000-0000-000000000007', '2024-05-05 07:00:00', '2024-05-05 08:00:00', false, 0),
('d1000000-0000-0000-0000-000000000121', 'c1000000-0000-0000-0000-000000000007', '2024-05-05 09:00:00', '2024-05-05 10:00:00', true, 0),
('d1000000-0000-0000-0000-000000000122', 'c1000000-0000-0000-0000-000000000007', '2024-05-05 15:00:00', '2024-05-05 16:00:00', false, 0),
('d1000000-0000-0000-0000-000000000123', 'c1000000-0000-0000-0000-000000000007', '2024-05-05 17:00:00', '2024-05-05 18:00:00', true, 0);

-- ============================================================================
-- 5. BOOKINGS (45 bookings - 10 COMPLETED, 25 CONFIRMED, 10 CANCELLED)
-- ============================================================================

-- COMPLETED Bookings (10 - past dates)
INSERT INTO bookings (id, user_id, ground_id, slot_id, booking_date, status) VALUES
('e1000000-0000-0000-0000-000000000001', 'a1000000-0000-0000-0000-000000000009', 'c1000000-0000-0000-0000-000000000001', 'd1000000-0000-0000-0000-000000000003', '2024-04-15 09:00:00', 'COMPLETED'),
('e1000000-0000-0000-0000-000000000002', 'a1000000-0000-0000-0000-000000000010', 'c1000000-0000-0000-0000-000000000001', 'd1000000-0000-0000-0000-000000000005', '2024-04-16 10:30:00', 'COMPLETED'),
('e1000000-0000-0000-0000-000000000003', 'a1000000-0000-0000-0000-000000000011', 'c1000000-0000-0000-0000-000000000001', 'd1000000-0000-0000-0000-000000000007', '2024-04-17 14:00:00', 'COMPLETED'),
('e1000000-0000-0000-0000-000000000004', 'a1000000-0000-0000-0000-000000000012', 'c1000000-0000-0000-0000-000000000001', 'd1000000-0000-0000-0000-000000000009', '2024-04-18 11:00:00', 'COMPLETED'),
('e1000000-0000-0000-0000-000000000005', 'a1000000-0000-0000-0000-000000000013', 'c1000000-0000-0000-0000-000000000004', 'd1000000-0000-0000-0000-000000000053', '2024-04-19 08:30:00', 'COMPLETED'),
('e1000000-0000-0000-0000-000000000006', 'a1000000-0000-0000-0000-000000000014', 'c1000000-0000-0000-0000-000000000004', 'd1000000-0000-0000-0000-000000000055', '2024-04-20 13:00:00', 'COMPLETED'),
('e1000000-0000-0000-0000-000000000007', 'a1000000-0000-0000-0000-000000000015', 'c1000000-0000-0000-0000-000000000004', 'd1000000-0000-0000-0000-000000000057', '2024-04-21 15:30:00', 'COMPLETED'),
('e1000000-0000-0000-0000-000000000008', 'a1000000-0000-0000-0000-000000000016', 'c1000000-0000-0000-0000-000000000004', 'd1000000-0000-0000-0000-000000000059', '2024-04-22 16:00:00', 'COMPLETED'),
('e1000000-0000-0000-0000-000000000009', 'a1000000-0000-0000-0000-000000000017', 'c1000000-0000-0000-0000-000000000007', 'd1000000-0000-0000-0000-000000000103', '2024-04-23 09:30:00', 'COMPLETED'),
('e1000000-0000-0000-0000-000000000010', 'a1000000-0000-0000-0000-000000000018', 'c1000000-0000-0000-0000-000000000007', 'd1000000-0000-0000-0000-000000000105', '2024-04-24 12:00:00', 'COMPLETED');

-- CONFIRMED Bookings (25 - current and future dates)
INSERT INTO bookings (id, user_id, ground_id, slot_id, booking_date, status) VALUES
('e1000000-0000-0000-0000-000000000011', 'a1000000-0000-0000-0000-000000000009', 'c1000000-0000-0000-0000-000000000001', 'd1000000-0000-0000-0000-000000000012', '2024-04-25 10:00:00', 'CONFIRMED'),
('e1000000-0000-0000-0000-000000000012', 'a1000000-0000-0000-0000-000000000010', 'c1000000-0000-0000-0000-000000000001', 'd1000000-0000-0000-0000-000000000014', '2024-04-26 11:30:00', 'CONFIRMED'),
('e1000000-0000-0000-0000-000000000013', 'a1000000-0000-0000-0000-000000000011', 'c1000000-0000-0000-0000-000000000001', 'd1000000-0000-0000-0000-000000000016', '2024-04-27 09:00:00', 'CONFIRMED'),
('e1000000-0000-0000-0000-000000000014', 'a1000000-0000-0000-0000-000000000012', 'c1000000-0000-0000-0000-000000000001', 'd1000000-0000-0000-0000-000000000018', '2024-04-28 14:00:00', 'CONFIRMED'),
('e1000000-0000-0000-0000-000000000015', 'a1000000-0000-0000-0000-000000000013', 'c1000000-0000-0000-0000-000000000001', 'd1000000-0000-0000-0000-000000000020', '2024-04-29 15:30:00', 'CONFIRMED'),
('e1000000-0000-0000-0000-000000000016', 'a1000000-0000-0000-0000-000000000014', 'c1000000-0000-0000-0000-000000000001', 'd1000000-0000-0000-0000-000000000023', '2024-04-30 10:00:00', 'CONFIRMED'),
('e1000000-0000-0000-0000-000000000017', 'a1000000-0000-0000-0000-000000000015', 'c1000000-0000-0000-0000-000000000001', 'd1000000-0000-0000-0000-000000000025', '2024-05-01 11:00:00', 'CONFIRMED'),
('e1000000-0000-0000-0000-000000000018', 'a1000000-0000-0000-0000-000000000016', 'c1000000-0000-0000-0000-000000000001', 'd1000000-0000-0000-0000-000000000027', '2024-05-02 08:30:00', 'CONFIRMED'),
('e1000000-0000-0000-0000-000000000019', 'a1000000-0000-0000-0000-000000000017', 'c1000000-0000-0000-0000-000000000001', 'd1000000-0000-0000-0000-000000000029', '2024-05-03 12:00:00', 'CONFIRMED'),
('e1000000-0000-0000-0000-000000000020', 'a1000000-0000-0000-0000-000000000018', 'c1000000-0000-0000-0000-000000000001', 'd1000000-0000-0000-0000-000000000032', '2024-05-04 09:30:00', 'CONFIRMED'),
('e1000000-0000-0000-0000-000000000021', 'a1000000-0000-0000-0000-000000000019', 'c1000000-0000-0000-0000-000000000001', 'd1000000-0000-0000-0000-000000000034', '2024-05-05 13:00:00', 'CONFIRMED'),
('e1000000-0000-0000-0000-000000000022', 'a1000000-0000-0000-0000-000000000020', 'c1000000-0000-0000-0000-000000000001', 'd1000000-0000-0000-0000-000000000036', '2024-05-06 10:30:00', 'CONFIRMED'),
('e1000000-0000-0000-0000-000000000023', 'a1000000-0000-0000-0000-000000000021', 'c1000000-0000-0000-0000-000000000001', 'd1000000-0000-0000-0000-000000000038', '2024-05-07 14:00:00', 'CONFIRMED'),
('e1000000-0000-0000-0000-000000000024', 'a1000000-0000-0000-0000-000000000022', 'c1000000-0000-0000-0000-000000000001', 'd1000000-0000-0000-0000-000000000040', '2024-05-08 11:30:00', 'CONFIRMED'),
('e1000000-0000-0000-0000-000000000025', 'a1000000-0000-0000-0000-000000000023', 'c1000000-0000-0000-0000-000000000001', 'd1000000-0000-0000-0000-000000000043', '2024-05-09 09:00:00', 'CONFIRMED'),
('e1000000-0000-0000-0000-000000000026', 'a1000000-0000-0000-0000-000000000024', 'c1000000-0000-0000-0000-000000000001', 'd1000000-0000-0000-0000-000000000045', '2024-05-10 15:00:00', 'CONFIRMED'),
('e1000000-0000-0000-0000-000000000027', 'a1000000-0000-0000-0000-000000000025', 'c1000000-0000-0000-0000-000000000001', 'd1000000-0000-0000-0000-000000000047', '2024-05-11 10:00:00', 'CONFIRMED'),
('e1000000-0000-0000-0000-000000000028', 'a1000000-0000-0000-0000-000000000009', 'c1000000-0000-0000-0000-000000000001', 'd1000000-0000-0000-0000-000000000049', '2024-05-12 13:30:00', 'CONFIRMED'),
('e1000000-0000-0000-0000-000000000029', 'a1000000-0000-0000-0000-000000000010', 'c1000000-0000-0000-0000-000000000004', 'd1000000-0000-0000-0000-000000000062', '2024-05-13 08:00:00', 'CONFIRMED'),
('e1000000-0000-0000-0000-000000000030', 'a1000000-0000-0000-0000-000000000011', 'c1000000-0000-0000-0000-000000000004', 'd1000000-0000-0000-0000-000000000064', '2024-05-14 12:00:00', 'CONFIRMED'),
('e1000000-0000-0000-0000-000000000031', 'a1000000-0000-0000-0000-000000000012', 'c1000000-0000-0000-0000-000000000004', 'd1000000-0000-0000-0000-000000000066', '2024-05-15 09:30:00', 'CONFIRMED'),
('e1000000-0000-0000-0000-000000000032', 'a1000000-0000-0000-0000-000000000013', 'c1000000-0000-0000-0000-000000000004', 'd1000000-0000-0000-0000-000000000068', '2024-05-16 14:00:00', 'CONFIRMED'),
('e1000000-0000-0000-0000-000000000033', 'a1000000-0000-0000-0000-000000000014', 'c1000000-0000-0000-0000-000000000004', 'd1000000-0000-0000-0000-000000000070', '2024-05-17 11:00:00', 'CONFIRMED'),
('e1000000-0000-0000-0000-000000000034', 'a1000000-0000-0000-0000-000000000015', 'c1000000-0000-0000-0000-000000000004', 'd1000000-0000-0000-0000-000000000072', '2024-05-18 10:30:00', 'CONFIRMED'),
('e1000000-0000-0000-0000-000000000035', 'a1000000-0000-0000-0000-000000000016', 'c1000000-0000-0000-0000-000000000004', 'd1000000-0000-0000-0000-000000000074', '2024-05-19 15:00:00', 'CONFIRMED');

-- CANCELLED Bookings (10 - various dates)
INSERT INTO bookings (id, user_id, ground_id, slot_id, booking_date, status) VALUES
('e1000000-0000-0000-0000-000000000036', 'a1000000-0000-0000-0000-000000000017', 'c1000000-0000-0000-0000-000000000004', 'd1000000-0000-0000-0000-000000000076', '2024-04-20 13:00:00', 'CANCELLED'),
('e1000000-0000-0000-0000-000000000037', 'a1000000-0000-0000-0000-000000000018', 'c1000000-0000-0000-0000-000000000004', 'd1000000-0000-0000-0000-000000000078', '2024-04-21 14:30:00', 'CANCELLED'),
('e1000000-0000-0000-0000-000000000038', 'a1000000-0000-0000-0000-000000000019', 'c1000000-0000-0000-0000-000000000004', 'd1000000-0000-0000-0000-000000000080', '2024-04-22 10:00:00', 'CANCELLED'),
('e1000000-0000-0000-0000-000000000039', 'a1000000-0000-0000-0000-000000000020', 'c1000000-0000-0000-0000-000000000004', 'd1000000-0000-0000-0000-000000000082', '2024-04-23 11:30:00', 'CANCELLED'),
('e1000000-0000-0000-0000-000000000040', 'a1000000-0000-0000-0000-000000000021', 'c1000000-0000-0000-0000-000000000004', 'd1000000-0000-0000-0000-000000000084', '2024-04-24 09:00:00', 'CANCELLED'),
('e1000000-0000-0000-0000-000000000041', 'a1000000-0000-0000-0000-000000000022', 'c1000000-0000-0000-0000-000000000004', 'd1000000-0000-0000-0000-000000000086', '2024-04-25 15:30:00', 'CANCELLED'),
('e1000000-0000-0000-0000-000000000042', 'a1000000-0000-0000-0000-000000000023', 'c1000000-0000-0000-0000-000000000007', 'd1000000-0000-0000-0000-000000000107', '2024-04-26 12:00:00', 'CANCELLED'),
('e1000000-0000-0000-0000-000000000043', 'a1000000-0000-0000-0000-000000000024', 'c1000000-0000-0000-0000-000000000007', 'd1000000-0000-0000-0000-000000000109', '2024-04-27 08:30:00', 'CANCELLED'),
('e1000000-0000-0000-0000-000000000044', 'a1000000-0000-0000-0000-000000000025', 'c1000000-0000-0000-0000-000000000007', 'd1000000-0000-0000-0000-000000000111', '2024-04-28 14:00:00', 'CANCELLED'),
('e1000000-0000-0000-0000-000000000045', 'a1000000-0000-0000-0000-000000000009', 'c1000000-0000-0000-0000-000000000007', 'd1000000-0000-0000-0000-000000000113', '2024-04-29 10:30:00', 'CANCELLED');

-- ============================================================================
-- 6. PAYMENTS (45 payments - 30 SUCCESS, 8 PENDING, 5 FAILED, 2 REFUNDED)
-- ============================================================================

-- SUCCESS Payments (30) - For all COMPLETED and most CONFIRMED bookings
INSERT INTO payments (id, booking_id, user_id, amount, payment_status, transaction_id) VALUES
('f1000000-0000-0000-0000-000000000001', 'e1000000-0000-0000-0000-000000000001', 'a1000000-0000-0000-0000-000000000009', 1500.00, 'SUCCESS', 'TXN-A1B2C3D4'),
('f1000000-0000-0000-0000-000000000002', 'e1000000-0000-0000-0000-000000000002', 'a1000000-0000-0000-0000-000000000010', 1500.00, 'SUCCESS', 'TXN-E5F6G7H8'),
('f1000000-0000-0000-0000-000000000003', 'e1000000-0000-0000-0000-000000000003', 'a1000000-0000-0000-0000-000000000011', 1500.00, 'SUCCESS', 'TXN-I9J0K1L2'),
('f1000000-0000-0000-0000-000000000004', 'e1000000-0000-0000-0000-000000000004', 'a1000000-0000-0000-0000-000000000012', 1500.00, 'SUCCESS', 'TXN-M3N4O5P6'),
('f1000000-0000-0000-0000-000000000005', 'e1000000-0000-0000-0000-000000000005', 'a1000000-0000-0000-0000-000000000013', 1800.00, 'SUCCESS', 'TXN-Q7R8S9T0'),
('f1000000-0000-0000-0000-000000000006', 'e1000000-0000-0000-0000-000000000006', 'a1000000-0000-0000-0000-000000000014', 1800.00, 'SUCCESS', 'TXN-U1V2W3X4'),
('f1000000-0000-0000-0000-000000000007', 'e1000000-0000-0000-0000-000000000007', 'a1000000-0000-0000-0000-000000000015', 1800.00, 'SUCCESS', 'TXN-Y5Z6A7B8'),
('f1000000-0000-0000-0000-000000000008', 'e1000000-0000-0000-0000-000000000008', 'a1000000-0000-0000-0000-000000000016', 1800.00, 'SUCCESS', 'TXN-C9D0E1F2'),
('f1000000-0000-0000-0000-000000000009', 'e1000000-0000-0000-0000-000000000009', 'a1000000-0000-0000-0000-000000000017', 1300.00, 'SUCCESS', 'TXN-G3H4I5J6'),
('f1000000-0000-0000-0000-000000000010', 'e1000000-0000-0000-0000-000000000010', 'a1000000-0000-0000-0000-000000000018', 1300.00, 'SUCCESS', 'TXN-K7L8M9N0'),
('f1000000-0000-0000-0000-000000000011', 'e1000000-0000-0000-0000-000000000011', 'a1000000-0000-0000-0000-000000000009', 1500.00, 'SUCCESS', 'TXN-O1P2Q3R4'),
('f1000000-0000-0000-0000-000000000012', 'e1000000-0000-0000-0000-000000000012', 'a1000000-0000-0000-0000-000000000010', 1500.00, 'SUCCESS', 'TXN-S5T6U7V8'),
('f1000000-0000-0000-0000-000000000013', 'e1000000-0000-0000-0000-000000000013', 'a1000000-0000-0000-0000-000000000011', 1500.00, 'SUCCESS', 'TXN-W9X0Y1Z2'),
('f1000000-0000-0000-0000-000000000014', 'e1000000-0000-0000-0000-000000000014', 'a1000000-0000-0000-0000-000000000012', 1500.00, 'SUCCESS', 'TXN-A3B4C5D6'),
('f1000000-0000-0000-0000-000000000015', 'e1000000-0000-0000-0000-000000000015', 'a1000000-0000-0000-0000-000000000013', 1500.00, 'SUCCESS', 'TXN-E7F8G9H0'),
('f1000000-0000-0000-0000-000000000016', 'e1000000-0000-0000-0000-000000000016', 'a1000000-0000-0000-0000-000000000014', 1500.00, 'SUCCESS', 'TXN-I1J2K3L4'),
('f1000000-0000-0000-0000-000000000017', 'e1000000-0000-0000-0000-000000000017', 'a1000000-0000-0000-0000-000000000015', 1500.00, 'SUCCESS', 'TXN-M5N6O7P8'),
('f1000000-0000-0000-0000-000000000018', 'e1000000-0000-0000-0000-000000000018', 'a1000000-0000-0000-0000-000000000016', 1500.00, 'SUCCESS', 'TXN-Q9R0S1T2'),
('f1000000-0000-0000-0000-000000000019', 'e1000000-0000-0000-0000-000000000019', 'a1000000-0000-0000-0000-000000000017', 1500.00, 'SUCCESS', 'TXN-U3V4W5X6'),
('f1000000-0000-0000-0000-000000000020', 'e1000000-0000-0000-0000-000000000020', 'a1000000-0000-0000-0000-000000000018', 1500.00, 'SUCCESS', 'TXN-Y7Z8A9B0'),
('f1000000-0000-0000-0000-000000000021', 'e1000000-0000-0000-0000-000000000021', 'a1000000-0000-0000-0000-000000000019', 1500.00, 'SUCCESS', 'TXN-C1D2E3F4'),
('f1000000-0000-0000-0000-000000000022', 'e1000000-0000-0000-0000-000000000022', 'a1000000-0000-0000-0000-000000000020', 1500.00, 'SUCCESS', 'TXN-G5H6I7J8'),
('f1000000-0000-0000-0000-000000000023', 'e1000000-0000-0000-0000-000000000023', 'a1000000-0000-0000-0000-000000000021', 1500.00, 'SUCCESS', 'TXN-K9L0M1N2'),
('f1000000-0000-0000-0000-000000000024', 'e1000000-0000-0000-0000-000000000024', 'a1000000-0000-0000-0000-000000000022', 1500.00, 'SUCCESS', 'TXN-O3P4Q5R6'),
('f1000000-0000-0000-0000-000000000025', 'e1000000-0000-0000-0000-000000000025', 'a1000000-0000-0000-0000-000000000023', 1500.00, 'SUCCESS', 'TXN-S7T8U9V0'),
('f1000000-0000-0000-0000-000000000026', 'e1000000-0000-0000-0000-000000000026', 'a1000000-0000-0000-0000-000000000024', 1500.00, 'SUCCESS', 'TXN-W1X2Y3Z4'),
('f1000000-0000-0000-0000-000000000027', 'e1000000-0000-0000-0000-000000000027', 'a1000000-0000-0000-0000-000000000025', 1500.00, 'SUCCESS', 'TXN-A5B6C7D8'),
('f1000000-0000-0000-0000-000000000028', 'e1000000-0000-0000-0000-000000000028', 'a1000000-0000-0000-0000-000000000009', 1500.00, 'SUCCESS', 'TXN-E9F0G1H2'),
('f1000000-0000-0000-0000-000000000029', 'e1000000-0000-0000-0000-000000000029', 'a1000000-0000-0000-0000-000000000010', 1800.00, 'SUCCESS', 'TXN-I3J4K5L6'),
('f1000000-0000-0000-0000-000000000030', 'e1000000-0000-0000-0000-000000000030', 'a1000000-0000-0000-0000-000000000011', 1800.00, 'SUCCESS', 'TXN-M7N8O9P0');

-- PENDING Payments (8)
INSERT INTO payments (id, booking_id, user_id, amount, payment_status, transaction_id) VALUES
('f1000000-0000-0000-0000-000000000031', 'e1000000-0000-0000-0000-000000000031', 'a1000000-0000-0000-0000-000000000012', 1800.00, 'PENDING', 'TXN-Q1R2S3T4'),
('f1000000-0000-0000-0000-000000000032', 'e1000000-0000-0000-0000-000000000032', 'a1000000-0000-0000-0000-000000000013', 1800.00, 'PENDING', 'TXN-U5V6W7X8'),
('f1000000-0000-0000-0000-000000000033', 'e1000000-0000-0000-0000-000000000033', 'a1000000-0000-0000-0000-000000000014', 1800.00, 'PENDING', 'TXN-Y9Z0A1B2'),
('f1000000-0000-0000-0000-000000000034', 'e1000000-0000-0000-0000-000000000034', 'a1000000-0000-0000-0000-000000000015', 1800.00, 'PENDING', 'TXN-C3D4E5F6'),
('f1000000-0000-0000-0000-000000000035', 'e1000000-0000-0000-0000-000000000035', 'a1000000-0000-0000-0000-000000000016', 1800.00, 'PENDING', 'TXN-G7H8I9J0'),
('f1000000-0000-0000-0000-000000000038', 'e1000000-0000-0000-0000-000000000038', 'a1000000-0000-0000-0000-000000000019', 1800.00, 'PENDING', 'TXN-K1L2M3N4'),
('f1000000-0000-0000-0000-000000000039', 'e1000000-0000-0000-0000-000000000039', 'a1000000-0000-0000-0000-000000000020', 1800.00, 'PENDING', 'TXN-O5P6Q7R8'),
('f1000000-0000-0000-0000-000000000040', 'e1000000-0000-0000-0000-000000000040', 'a1000000-0000-0000-0000-000000000021', 1800.00, 'PENDING', 'TXN-S9T0U1V2');

-- FAILED Payments (5)
INSERT INTO payments (id, booking_id, user_id, amount, payment_status, transaction_id) VALUES
('f1000000-0000-0000-0000-000000000041', 'e1000000-0000-0000-0000-000000000041', 'a1000000-0000-0000-0000-000000000022', 1800.00, 'FAILED', 'TXN-W3X4Y5Z6'),
('f1000000-0000-0000-0000-000000000042', 'e1000000-0000-0000-0000-000000000042', 'a1000000-0000-0000-0000-000000000023', 1300.00, 'FAILED', 'TXN-A7B8C9D0'),
('f1000000-0000-0000-0000-000000000043', 'e1000000-0000-0000-0000-000000000043', 'a1000000-0000-0000-0000-000000000024', 1300.00, 'FAILED', 'TXN-E1F2G3H4'),
('f1000000-0000-0000-0000-000000000044', 'e1000000-0000-0000-0000-000000000044', 'a1000000-0000-0000-0000-000000000025', 1300.00, 'FAILED', 'TXN-I5J6K7L8'),
('f1000000-0000-0000-0000-000000000045', 'e1000000-0000-0000-0000-000000000045', 'a1000000-0000-0000-0000-000000000009', 1300.00, 'FAILED', 'TXN-M9N0O1P2');

-- REFUNDED Payments (2)
INSERT INTO payments (id, booking_id, user_id, amount, payment_status, transaction_id) VALUES
('f1000000-0000-0000-0000-000000000036', 'e1000000-0000-0000-0000-000000000036', 'a1000000-0000-0000-0000-000000000017', 1800.00, 'REFUNDED', 'TXN-Q3R4S5T6'),
('f1000000-0000-0000-0000-000000000037', 'e1000000-0000-0000-0000-000000000037', 'a1000000-0000-0000-0000-000000000018', 1800.00, 'REFUNDED', 'TXN-U7V8W9X0');

-- ============================================================================
-- 7. REVIEWS (30 reviews - Ratings 1-5 distributed across grounds)
-- ============================================================================

-- 5-star reviews (12 reviews)
INSERT INTO reviews (id, user_id, ground_id, rating, review_text, created_at) VALUES
('71000000-0000-0000-0000-000000000001', 'a1000000-0000-0000-0000-000000000009', 'c1000000-0000-0000-0000-000000000001', 5, 'Excellent facilities! Best futsal ground in Kathmandu. Well-maintained turf and great lighting.', '2024-04-16 10:00:00'),
('71000000-0000-0000-0000-000000000002', 'a1000000-0000-0000-0000-000000000010', 'c1000000-0000-0000-0000-000000000001', 5, 'Amazing experience! The staff is very professional and the ground quality is top-notch.', '2024-04-17 11:30:00'),
('71000000-0000-0000-0000-000000000003', 'a1000000-0000-0000-0000-000000000011', 'c1000000-0000-0000-0000-000000000001', 5, 'Perfect ground for playing. Clean changing rooms and excellent booking system.', '2024-04-18 14:00:00'),
('71000000-0000-0000-0000-000000000004', 'a1000000-0000-0000-0000-000000000012', 'c1000000-0000-0000-0000-000000000004', 5, 'Champions Ground lives up to its name! Premium quality turf and great ambiance.', '2024-04-20 09:00:00'),
('71000000-0000-0000-0000-000000000005', 'a1000000-0000-0000-0000-000000000013', 'c1000000-0000-0000-0000-000000000004', 5, 'Highly recommended! Best ground in Pulchowk area. Very well maintained.', '2024-04-21 15:30:00'),
('71000000-0000-0000-0000-000000000006', 'a1000000-0000-0000-0000-000000000014', 'c1000000-0000-0000-0000-000000000004', 5, 'Outstanding facility with excellent service. Will definitely come back.', '2024-04-22 10:00:00'),
('71000000-0000-0000-0000-000000000007', 'a1000000-0000-0000-0000-000000000015', 'c1000000-0000-0000-0000-000000000007', 5, 'Star Sports Complex is the best! Great ground, fair pricing, and friendly staff.', '2024-04-24 12:00:00'),
('71000000-0000-0000-0000-000000000008', 'a1000000-0000-0000-0000-000000000016', 'c1000000-0000-0000-0000-000000000007', 5, 'Wonderful experience! The ground is always well-maintained and clean.', '2024-04-25 09:30:00'),
('71000000-0000-0000-0000-000000000009', 'a1000000-0000-0000-0000-000000000017', 'c1000000-0000-0000-0000-000000000010', 5, 'Victory Premium Court is absolutely amazing! Top quality turf and facilities.', '2024-04-26 11:00:00'),
('71000000-0000-0000-0000-000000000010', 'a1000000-0000-0000-0000-000000000018', 'c1000000-0000-0000-0000-000000000012', 5, 'Prime Arena exceeded my expectations! Excellent ground with great amenities.', '2024-04-27 13:30:00'),
('71000000-0000-0000-0000-000000000011', 'a1000000-0000-0000-0000-000000000019', 'c1000000-0000-0000-0000-000000000014', 5, 'Golden Goal Arena is phenomenal! Best futsal experience in Lalitpur.', '2024-04-28 10:00:00'),
('71000000-0000-0000-0000-000000000012', 'a1000000-0000-0000-0000-000000000020', 'c1000000-0000-0000-0000-000000000017', 5, 'Supreme Main Court is exceptional! Premium facilities worth every rupee.', '2024-04-29 14:00:00');

-- 4-star reviews (10 reviews)
INSERT INTO reviews (id, user_id, ground_id, rating, review_text, created_at) VALUES
('71000000-0000-0000-0000-000000000013', 'a1000000-0000-0000-0000-000000000021', 'c1000000-0000-0000-0000-000000000001', 4, 'Very good ground overall. Could improve parking facilities but great playing experience.', '2024-04-19 11:00:00'),
('71000000-0000-0000-0000-000000000014', 'a1000000-0000-0000-0000-000000000022', 'c1000000-0000-0000-0000-000000000002', 4, 'Good quality turf and decent facilities. Slightly expensive but worth it.', '2024-04-20 15:00:00'),
('71000000-0000-0000-0000-000000000015', 'a1000000-0000-0000-0000-000000000023', 'c1000000-0000-0000-0000-000000000003', 4, 'Indoor court is nice but could use better ventilation. Otherwise great facility.', '2024-04-21 09:30:00'),
('71000000-0000-0000-0000-000000000016', 'a1000000-0000-0000-0000-000000000024', 'c1000000-0000-0000-0000-000000000004', 4, 'Champions Ground is really good. Small waiting area but excellent playing surface.', '2024-04-23 12:30:00'),
('71000000-0000-0000-0000-000000000017', 'a1000000-0000-0000-0000-000000000025', 'c1000000-0000-0000-0000-000000000005', 4, 'Practice ground is decent for the price. Good for casual games.', '2024-04-24 08:00:00'),
('71000000-0000-0000-0000-000000000018', 'a1000000-0000-0000-0000-000000000009', 'c1000000-0000-0000-0000-000000000006', 4, 'VIP Court is premium quality. Only issue is booking availability during peak hours.', '2024-04-25 16:00:00'),
('71000000-0000-0000-0000-000000000019', 'a1000000-0000-0000-0000-000000000010', 'c1000000-0000-0000-0000-000000000008', 4, 'Star Field 2 is good. Well-maintained ground with friendly staff.', '2024-04-26 10:30:00'),
('71000000-0000-0000-0000-000000000020', 'a1000000-0000-0000-0000-000000000011', 'c1000000-0000-0000-0000-000000000011', 4, 'Victory Standard Court offers good value. Clean and well-maintained.', '2024-04-27 14:30:00'),
('71000000-0000-0000-0000-000000000021', 'a1000000-0000-0000-0000-000000000012', 'c1000000-0000-0000-0000-000000000013', 4, 'Prime Express Court is convenient and affordable. Good for quick games.', '2024-04-28 09:00:00'),
('71000000-0000-0000-0000-000000000022', 'a1000000-0000-0000-0000-000000000013', 'c1000000-0000-0000-0000-000000000015', 4, 'Golden Court B is nice. A bit crowded during weekends but good overall.', '2024-04-29 11:30:00');

-- 3-star reviews (5 reviews)
INSERT INTO reviews (id, user_id, ground_id, rating, review_text, created_at) VALUES
('71000000-0000-0000-0000-000000000023', 'a1000000-0000-0000-0000-000000000014', 'c1000000-0000-0000-0000-000000000005', 3, 'Average facility. Concrete surface is okay but not ideal for serious play.', '2024-04-23 13:00:00'),
('71000000-0000-0000-0000-000000000024', 'a1000000-0000-0000-0000-000000000015', 'c1000000-0000-0000-0000-000000000009', 3, 'Mini court is decent for practice. Surface could be better maintained.', '2024-04-24 15:30:00'),
('71000000-0000-0000-0000-000000000025', 'a1000000-0000-0000-0000-000000000016', 'c1000000-0000-0000-0000-000000000011', 3, 'Standard court is acceptable. Nothing special but gets the job done.', '2024-04-26 12:00:00'),
('71000000-0000-0000-0000-000000000026', 'a1000000-0000-0000-0000-000000000017', 'c1000000-0000-0000-0000-000000000016', 3, 'Mini ground is fine for casual play. Concrete surface is a bit rough.', '2024-04-27 10:00:00'),
('71000000-0000-0000-0000-000000000027', 'a1000000-0000-0000-0000-000000000018', 'c1000000-0000-0000-0000-000000000018', 3, 'Practice area is okay. Could improve lighting and changing rooms.', '2024-04-28 16:00:00');

-- 2-star reviews (2 reviews)
INSERT INTO reviews (id, user_id, ground_id, rating, review_text, created_at) VALUES
('71000000-0000-0000-0000-000000000028', 'a1000000-0000-0000-0000-000000000019', 'c1000000-0000-0000-0000-000000000009', 2, 'Below expectations. Surface is uneven and maintenance is lacking.', '2024-04-25 11:00:00'),
('71000000-0000-0000-0000-000000000029', 'a1000000-0000-0000-0000-000000000020', 'c1000000-0000-0000-0000-000000000016', 2, 'Not satisfied with the facility. Concrete surface is quite rough and poorly maintained.', '2024-04-29 09:30:00');

-- 1-star review (1 review)
INSERT INTO reviews (id, user_id, ground_id, rating, review_text, created_at) VALUES
('71000000-0000-0000-0000-000000000030', 'a1000000-0000-0000-0000-000000000021', 'c1000000-0000-0000-0000-000000000009', 1, 'Very disappointed. Ground was not clean and staff was unprofessional. Will not return.', '2024-04-30 14:00:00');

-- ============================================================================
-- END OF DATA FILE
-- ============================================================================
-- Summary:
-- - 25 Users (1 ADMIN, 7 OWNERS, 17 CUSTOMERS)
-- - 7 Futsal Companies
-- - 18 Futsal Grounds (with placeholder images)
-- - 150+ Time Slots (across 3 grounds, 5 days)
-- - 45 Bookings (10 COMPLETED, 25 CONFIRMED, 10 CANCELLED)
-- - 45 Payments (30 SUCCESS, 8 PENDING, 5 FAILED, 2 REFUNDED)
-- - 30 Reviews (12 x 5-star, 10 x 4-star, 5 x 3-star, 2 x 2-star, 1 x 1-star)
--
-- Total Revenue (SUCCESS payments): NPR 48,400
-- Average Rating: 4.17 / 5.00
-- ============================================================================
